{"stats":{"minecraft:crafted":{"minecraft:cobblestone_slab":12,"minecraft:stone_pickaxe":1,"minecraft:crafting_table":2,"minecraft:stick":4},"minecraft:used":{"minecraft:trident":27,"minecraft:netherite_sword":29,"minecraft:jungle_leaves":19,"minecraft:iron_shovel":137,"minecraft:acacia_log":3,"minecraft:armor_stand":21,"minecraft:spruce_slab":24,"minecraft:redstone":5,"minecraft:suspicious_sand":2,"minecraft:diamond_hoe":1,"minecraft:chest":3,"minecraft:spruce_planks":8,"minecraft:iron_sword":112,"minecraft:stone":7,"minecraft:player_head":1,"minecraft:green_terracotta":198,"minecraft:spruce_leaves":19,"minecraft:dirt":31,"minecraft:diamond_helmet":1,"minecraft:acacia_sapling":3,"minecraft:spruce_fence":14,"minecraft:stripped_spruce_log":4,"minecraft:iron_hoe":3,"minecraft:lava_bucket":2,"minecraft:spruce_wood":9,"minecraft:lantern":3,"minecraft:grass_block":69,"minecraft:oak_stairs":3,"minecraft:slime_block":96,"minecraft:green_wool":11,"minecraft:netherite_hoe":2,"minecraft:glowstone":20,"minecraft:snow":6,"minecraft:bow":258,"minecraft:written_book":6,"minecraft:egg":1,"minecraft:cobbled_deepslate":59,"minecraft:stripped_spruce_wood":10,"minecraft:water_bucket":1,"minecraft:diorite":7,"minecraft:leather_leggings":10,"minecraft:stone_pickaxe":9,"minecraft:cactus":92,"minecraft:wooden_pickaxe":27,"minecraft:leather_chestplate":12,"minecraft:sandstone":4,"minecraft:cobblestone_slab":6,"minecraft:leather_boots":10,"minecraft:golden_hoe":9,"minecraft:sand":148,"minecraft:tnt":16,"minecraft:crafting_table":1,"minecraft:red_bed":5,"minecraft:light_gray_terracotta":2,"minecraft:acacia_leaves":39,"minecraft:sponge":9,"minecraft:light_gray_concrete_powder":1,"minecraft:spruce_log":11,"minecraft:cake":43,"minecraft:black_terracotta":2,"minecraft:creeper_spawn_egg":2,"minecraft:wooden_hoe":1,"minecraft:mud":1,"minecraft:lever":2,"minecraft:daylight_detector":1,"minecraft:command_block":3,"minecraft:iron_pickaxe":12,"minecraft:lectern":1,"minecraft:leather_helmet":14,"minecraft:fishing_rod":36,"minecraft:wooden_sword":102,"minecraft:cobblestone":42,"minecraft:white_stained_glass":105,"minecraft:andesite":10,"minecraft:smooth_stone_slab":17,"minecraft:coarse_dirt":2,"minecraft:oak_hanging_sign":2,"minecraft:golden_pickaxe":45,"minecraft:bone_meal":9,"minecraft:smooth_stone":12},"minecraft:custom":{"minecraft:mob_kills":183,"minecraft:interact_with_crafting_table":2,"minecraft:eat_cake_slice":217,"minecraft:leave_game":262,"minecraft:time_since_death":369,"minecraft:climb_one_cm":414,"minecraft:sprint_one_cm":1048719,"minecraft:walk_one_cm":818856,"minecraft:drop":450,"minecraft:talked_to_villager":84,"minecraft:play_time":3222114,"minecraft:deaths":1519,"minecraft:sneak_time":20876,"minecraft:walk_under_water_one_cm":87385,"minecraft:interact_with_lectern":2,"minecraft:jump":6292,"minecraft:walk_on_water_one_cm":71834,"minecraft:total_world_time":3222185,"minecraft:sleep_in_bed":6,"minecraft:time_since_rest":392,"minecraft:damage_taken":1985474,"minecraft:damage_absorbed":140,"minecraft:damage_dealt":22435,"minecraft:swim_one_cm":104473,"minecraft:fly_one_cm":3722220,"minecraft:player_kills":138,"minecraft:open_chest":24,"minecraft:crouch_one_cm":27387,"minecraft:fall_one_cm":3678540,"minecraft:horse_one_cm":73},"minecraft:mined":{"minecraft:yellow_terracotta":2,"minecraft:black_terracotta":3,"minecraft:grass_block":1,"minecraft:white_stained_glass":15,"minecraft:redstone_wire":3,"minecraft:sandstone":6,"minecraft:packed_mud":6,"minecraft:fire":6,"minecraft:suspicious_sand":24,"minecraft:player_head":1,"minecraft:cake":6,"minecraft:spruce_slab":1,"minecraft:gray_terracotta":13,"minecraft:red_bed":38,"minecraft:orange_terracotta":2,"minecraft:light_gray_concrete_powder":1,"minecraft:light_gray_terracotta":5,"minecraft:short_grass":9,"minecraft:sponge":9,"minecraft:tall_grass":66,"minecraft:cobblestone":30,"minecraft:slime_block":232,"minecraft:sugar_cane":7,"minecraft:white_terracotta":5,"minecraft:red_terracotta":5,"minecraft:cactus":4,"minecraft:coarse_dirt":9,"minecraft:mud":12,"minecraft:tnt":690,"minecraft:gravel":22,"minecraft:sand":28,"minecraft:dirt":20,"minecraft:terracotta":5,"minecraft:suspicious_gravel":12},"minecraft:dropped":{"minecraft:iron_ingot":3,"minecraft:iron_sword":23,"minecraft:wheat_seeds":122,"minecraft:spore_blossom":416,"minecraft:crafting_table":1,"minecraft:cobblestone":12,"minecraft:music_disc_pigstep":1,"minecraft:leather_helmet":45,"minecraft:dirt":2,"minecraft:red_bed":15,"minecraft:sponge":1,"minecraft:snowball":48,"minecraft:diamond_helmet":7,"minecraft:wooden_sword":11,"minecraft:bone_meal":64,"minecraft:sand":1,"minecraft:iron_pickaxe":38,"minecraft:iron_shovel":2,"minecraft:paper":33,"minecraft:bucket":2,"minecraft:acacia_planks":1,"minecraft:armor_stand":42,"minecraft:gravel":1,"minecraft:sugar_cane":5,"minecraft:player_head":2,"minecraft:raw_copper":7,"minecraft:slime_block":13,"minecraft:acacia_leaves":1,"minecraft:diamond_sword":1,"minecraft:poppy":2,"minecraft:leather_chestplate":44,"minecraft:trident":28,"minecraft:leather_boots":41,"minecraft:leather_leggings":43,"minecraft:slime_ball":148,"minecraft:bow":24,"minecraft:arrow":47,"minecraft:wooden_pickaxe":1,"minecraft:written_book":1,"minecraft:white_stained_glass":1},"minecraft:killed":{"minecraft:spider":12,"minecraft:slime":17,"minecraft:horse":1,"minecraft:skeleton":14,"minecraft:bee":1,"minecraft:chicken":6,"minecraft:drowned":1,"minecraft:iron_golem":1,"minecraft:bat":47,"minecraft:hoglin":2,"minecraft:creeper":17,"minecraft:squid":8,"minecraft:zombie":27,"minecraft:glow_squid":6,"minecraft:villager":3,"minecraft:enderman":6,"minecraft:cow":1},"minecraft:killed_by":{"minecraft:player":259,"minecraft:enderman":1,"minecraft:phantom":1},"minecraft:picked_up":{"minecraft:wooden_axe":1,"minecraft:mud":8,"minecraft:coarse_dirt":5,"minecraft:chicken":2,"minecraft:leather_leggings":19,"minecraft:shield":7,"minecraft:red_bed":41,"minecraft:raw_copper":7,"minecraft:wooden_sword":8,"minecraft:oak_hanging_sign":2,"minecraft:armor_stand":155,"minecraft:cobbled_deepslate":83,"minecraft:beef":1,"minecraft:player_head":2,"minecraft:written_book":1,"minecraft:poppy":5,"minecraft:iron_pickaxe":10,"minecraft:spruce_slab":1,"minecraft:sugar_cane":6,"minecraft:diamond_hoe":6,"minecraft:iron_boots":4,"minecraft:egg":1,"minecraft:golden_helmet":10,"minecraft:sandstone":6,"minecraft:porkchop":7,"minecraft:cake":65,"minecraft:diorite":7,"minecraft:trident":4,"minecraft:redstone":3,"minecraft:golden_chestplate":3,"minecraft:tnt":241,"minecraft:arrow":471,"minecraft:cactus":172,"minecraft:rotten_flesh":5,"minecraft:golden_hoe":6,"minecraft:yellow_terracotta":2,"minecraft:white_terracotta":5,"minecraft:mutton":3,"minecraft:snowball":16,"minecraft:white_wool":2,"minecraft:cobblestone":131,"minecraft:sponge":9,"minecraft:leather_chestplate":21,"minecraft:feather":2,"minecraft:andesite":12,"minecraft:packed_mud":5,"minecraft:flint":1,"minecraft:golden_boots":9,"minecraft:gunpowder":2,"minecraft:lantern":1,"minecraft:wooden_hoe":8,"minecraft:dirt":23,"minecraft:paper":9,"minecraft:blue_bed":1,"minecraft:light_gray_concrete_powder":11,"minecraft:orange_terracotta":2,"minecraft:leather_boots":19,"minecraft:bone":6,"minecraft:bow":154,"minecraft:gray_terracotta":13,"minecraft:wheat_seeds":254,"minecraft:spore_blossom":5953,"minecraft:iron_ingot":3,"minecraft:diamond_helmet":4,"minecraft:stone_hoe":6,"minecraft:iron_sword":166,"minecraft:black_terracotta":3,"minecraft:dandelion":2,"minecraft:gravel":18,"minecraft:sand":84,"minecraft:grass_block":1,"minecraft:red_terracotta":5,"minecraft:leather_helmet":22,"minecraft:iron_hoe":6,"minecraft:light_gray_terracotta":5,"minecraft:slime_ball":158,"minecraft:slime_block":207,"minecraft:lever":1,"minecraft:terracotta":5,"minecraft:netherite_hoe":7,"minecraft:coal":10}},"DataVersion":3700}